"sample","concentration","virus","replicate","relative_gfp"
2,1.6e-06,"S2-G614-V222","replicate_1",0.678069016690568
2,1.6e-06,"S2-G614-V222","replicate_2",0.955561471699729
2,1.6e-06,"S2-G614-V222","replicate_3",0.930290914993214
2,8e-06,"S2-G614-V222","replicate_1",0.834939026868228
2,8e-06,"S2-G614-V222","replicate_2",1.03276149839462
2,8e-06,"S2-G614-V222","replicate_3",0.960803597099587
2,4e-05,"S2-G614-V222","replicate_1",0.663744306072553
2,4e-05,"S2-G614-V222","replicate_2",1.04928414269784
2,4e-05,"S2-G614-V222","replicate_3",1.00542187813626
2,2e-04,"S2-G614-V222","replicate_1",0.710318037193365
2,2e-04,"S2-G614-V222","replicate_2",0.884334267306988
2,2e-04,"S2-G614-V222","replicate_3",0.90198038650085
2,0.001,"S2-G614-V222","replicate_1",0.646628924077823
2,0.001,"S2-G614-V222","replicate_2",0.723508236183879
2,0.001,"S2-G614-V222","replicate_3",0.701517213375113
2,0.005,"S2-G614-V222","replicate_1",0.125140575359667
2,0.005,"S2-G614-V222","replicate_2",0.152856580806032
2,0.005,"S2-G614-V222","replicate_3",0.141793290852916
3,1.6e-06,"S2-G614-V222","replicate_1",1.00098575913729
3,1.6e-06,"S2-G614-V222","replicate_2",0.953555057860079
3,1.6e-06,"S2-G614-V222","replicate_3",0.993295101203455
3,8e-06,"S2-G614-V222","replicate_1",1.00629280651869
3,8e-06,"S2-G614-V222","replicate_2",0.998412901008654
3,8e-06,"S2-G614-V222","replicate_3",0.96103147325481
3,4e-05,"S2-G614-V222","replicate_1",1.06650664596212
3,4e-05,"S2-G614-V222","replicate_2",0.995168424980938
3,4e-05,"S2-G614-V222","replicate_3",0.99050572826637
3,2e-04,"S2-G614-V222","replicate_1",0.955057352513032
3,2e-04,"S2-G614-V222","replicate_2",0.971710489999161
3,2e-04,"S2-G614-V222","replicate_3",0.905118715088739
3,0.001,"S2-G614-V222","replicate_1",0.729395036860479
3,0.001,"S2-G614-V222","replicate_2",0.776103156483089
3,0.001,"S2-G614-V222","replicate_3",0.789974062450104
3,0.005,"S2-G614-V222","replicate_1",0.281484425337895
3,0.005,"S2-G614-V222","replicate_2",0.145575288426834
3,0.005,"S2-G614-V222","replicate_3",0.199591837816928
5,1.6e-06,"S2-G614-V222","replicate_1",0.941123147614011
5,1.6e-06,"S2-G614-V222","replicate_2",1.04122440329893
5,1.6e-06,"S2-G614-V222","replicate_3",0.915933094164611
5,8e-06,"S2-G614-V222","replicate_1",1.00292173262696
5,8e-06,"S2-G614-V222","replicate_2",0.912548711266666
5,8e-06,"S2-G614-V222","replicate_3",1.0056085288332
5,4e-05,"S2-G614-V222","replicate_1",0.910219310568828
5,4e-05,"S2-G614-V222","replicate_2",0.93817763731131
5,4e-05,"S2-G614-V222","replicate_3",0.936137788651164
5,2e-04,"S2-G614-V222","replicate_1",0.770576997413972
5,2e-04,"S2-G614-V222","replicate_2",0.75551834379459
5,2e-04,"S2-G614-V222","replicate_3",0.773096944127644
5,0.001,"S2-G614-V222","replicate_1",0.338274182091668
5,0.001,"S2-G614-V222","replicate_2",0.385670150108748
5,0.001,"S2-G614-V222","replicate_3",0.266306250350488
5,0.005,"S2-G614-V222","replicate_1",0.00988077060236512
5,0.005,"S2-G614-V222","replicate_2",0.0083309400745246
5,0.005,"S2-G614-V222","replicate_3",0.0203406529363076
7,1.6e-06,"S2-G614-V222","replicate_1",1.02238761496353
7,1.6e-06,"S2-G614-V222","replicate_2",0.921877350794879
7,1.6e-06,"S2-G614-V222","replicate_3",0.699604611798795
7,8e-06,"S2-G614-V222","replicate_1",1.01681665972715
7,8e-06,"S2-G614-V222","replicate_2",1.04237189932274
7,8e-06,"S2-G614-V222","replicate_3",0.832707333752616
7,4e-05,"S2-G614-V222","replicate_1",0.951686927841119
7,4e-05,"S2-G614-V222","replicate_2",1.0233653400056
7,4e-05,"S2-G614-V222","replicate_3",0.770945105049332
7,2e-04,"S2-G614-V222","replicate_1",0.90076731927568
7,2e-04,"S2-G614-V222","replicate_2",0.775264689091434
7,2e-04,"S2-G614-V222","replicate_3",0.630188406081254
7,0.001,"S2-G614-V222","replicate_1",0.329843413568223
7,0.001,"S2-G614-V222","replicate_2",0.356249131122055
7,0.001,"S2-G614-V222","replicate_3",0.290605379447145
7,0.005,"S2-G614-V222","replicate_1",0.0172248587682126
7,0.005,"S2-G614-V222","replicate_2",0.0183586400234205
7,0.005,"S2-G614-V222","replicate_3",0.0109665874976076
2,1.6e-06,"S2-G614-V222-Y1163-V1167","replicate_1",0.837097518783448
2,1.6e-06,"S2-G614-V222-Y1163-V1167","replicate_2",0.981581230819075
2,1.6e-06,"S2-G614-V222-Y1163-V1167","replicate_3",1.14901931262402
2,8e-06,"S2-G614-V222-Y1163-V1167","replicate_1",0.933455740652357
2,8e-06,"S2-G614-V222-Y1163-V1167","replicate_2",1.13444680508753
2,8e-06,"S2-G614-V222-Y1163-V1167","replicate_3",1.20011479753702
2,4e-05,"S2-G614-V222-Y1163-V1167","replicate_1",0.859143314432786
2,4e-05,"S2-G614-V222-Y1163-V1167","replicate_2",0.965257111536531
2,4e-05,"S2-G614-V222-Y1163-V1167","replicate_3",1.19217679610379
2,2e-04,"S2-G614-V222-Y1163-V1167","replicate_1",0.739185996896779
2,2e-04,"S2-G614-V222-Y1163-V1167","replicate_2",1.12229404108556
2,2e-04,"S2-G614-V222-Y1163-V1167","replicate_3",1.0350458174304
2,0.001,"S2-G614-V222-Y1163-V1167","replicate_1",0.532339629737122
2,0.001,"S2-G614-V222-Y1163-V1167","replicate_2",0.717025299602291
2,0.001,"S2-G614-V222-Y1163-V1167","replicate_3",0.729890453804189
2,0.005,"S2-G614-V222-Y1163-V1167","replicate_1",0.14006349816954
2,0.005,"S2-G614-V222-Y1163-V1167","replicate_2",0.174818607345021
2,0.005,"S2-G614-V222-Y1163-V1167","replicate_3",0.176016137824468
3,1.6e-06,"S2-G614-V222-Y1163-V1167","replicate_1",1.11184607704828
3,1.6e-06,"S2-G614-V222-Y1163-V1167","replicate_2",1.13637162042461
3,1.6e-06,"S2-G614-V222-Y1163-V1167","replicate_3",1.24102446438836
3,8e-06,"S2-G614-V222-Y1163-V1167","replicate_1",0.963658701984007
3,8e-06,"S2-G614-V222-Y1163-V1167","replicate_2",1.22040940700196
3,8e-06,"S2-G614-V222-Y1163-V1167","replicate_3",1.12688414902845
3,4e-05,"S2-G614-V222-Y1163-V1167","replicate_1",1.07975489868135
3,4e-05,"S2-G614-V222-Y1163-V1167","replicate_2",1.11784990078817
3,4e-05,"S2-G614-V222-Y1163-V1167","replicate_3",0.935638020786899
3,2e-04,"S2-G614-V222-Y1163-V1167","replicate_1",0.999207143184998
3,2e-04,"S2-G614-V222-Y1163-V1167","replicate_2",1.02258622347972
3,2e-04,"S2-G614-V222-Y1163-V1167","replicate_3",1.1413217535223
3,0.001,"S2-G614-V222-Y1163-V1167","replicate_1",0.742215144712237
3,0.001,"S2-G614-V222-Y1163-V1167","replicate_2",0.78011268621406
3,0.001,"S2-G614-V222-Y1163-V1167","replicate_3",0.782287306238926
3,0.005,"S2-G614-V222-Y1163-V1167","replicate_1",0.183260005652501
3,0.005,"S2-G614-V222-Y1163-V1167","replicate_2",0.156603377207976
3,0.005,"S2-G614-V222-Y1163-V1167","replicate_3",0.146154519491241
5,1.6e-06,"S2-G614-V222-Y1163-V1167","replicate_1",1.32491883669009
5,1.6e-06,"S2-G614-V222-Y1163-V1167","replicate_2",0.988549377254915
5,1.6e-06,"S2-G614-V222-Y1163-V1167","replicate_3",1.06478066094848
5,8e-06,"S2-G614-V222-Y1163-V1167","replicate_1",1.15008917460885
5,8e-06,"S2-G614-V222-Y1163-V1167","replicate_2",1.07388555242245
5,8e-06,"S2-G614-V222-Y1163-V1167","replicate_3",0.844424839250793
5,4e-05,"S2-G614-V222-Y1163-V1167","replicate_1",1.09784892886084
5,4e-05,"S2-G614-V222-Y1163-V1167","replicate_2",1.01793483465941
5,4e-05,"S2-G614-V222-Y1163-V1167","replicate_3",1.02692354780328
5,2e-04,"S2-G614-V222-Y1163-V1167","replicate_1",0.741967042271044
5,2e-04,"S2-G614-V222-Y1163-V1167","replicate_2",0.809836465129272
5,2e-04,"S2-G614-V222-Y1163-V1167","replicate_3",0.914052257279808
5,0.001,"S2-G614-V222-Y1163-V1167","replicate_1",0.269564376127
5,0.001,"S2-G614-V222-Y1163-V1167","replicate_2",0.224601021790959
5,0.001,"S2-G614-V222-Y1163-V1167","replicate_3",0.303533643161989
5,0.005,"S2-G614-V222-Y1163-V1167","replicate_1",0.0175675521968339
5,0.005,"S2-G614-V222-Y1163-V1167","replicate_2",0.000722623334060065
5,0.005,"S2-G614-V222-Y1163-V1167","replicate_3",0.00888371567370494
7,1.6e-06,"S2-G614-V222-Y1163-V1167","replicate_1",1.06758979339156
7,1.6e-06,"S2-G614-V222-Y1163-V1167","replicate_2",1.09004497934695
7,1.6e-06,"S2-G614-V222-Y1163-V1167","replicate_3",0.903003825756217
7,8e-06,"S2-G614-V222-Y1163-V1167","replicate_1",1.14867843774341
7,8e-06,"S2-G614-V222-Y1163-V1167","replicate_2",1.1523527370183
7,8e-06,"S2-G614-V222-Y1163-V1167","replicate_3",0.860545114503609
7,4e-05,"S2-G614-V222-Y1163-V1167","replicate_1",0.962771405946464
7,4e-05,"S2-G614-V222-Y1163-V1167","replicate_2",0.886875039270426
7,4e-05,"S2-G614-V222-Y1163-V1167","replicate_3",0.997406591849342
7,2e-04,"S2-G614-V222-Y1163-V1167","replicate_1",0.857609590250866
7,2e-04,"S2-G614-V222-Y1163-V1167","replicate_2",0.832579330759183
7,2e-04,"S2-G614-V222-Y1163-V1167","replicate_3",0.738738731603993
7,0.001,"S2-G614-V222-Y1163-V1167","replicate_1",0.284289064509064
7,0.001,"S2-G614-V222-Y1163-V1167","replicate_2",0.341003154757549
7,0.001,"S2-G614-V222-Y1163-V1167","replicate_3",0.218366118075832
7,0.005,"S2-G614-V222-Y1163-V1167","replicate_1",0.00604702385825575
7,0.005,"S2-G614-V222-Y1163-V1167","replicate_2",0.0081171344534328
7,0.005,"S2-G614-V222-Y1163-V1167","replicate_3",0.0202678515038742
