"Mutant","temperature","replicate","relative_gfp"
"D614G",30.4,"replicate_1",1.42501282537157
"D614G",30.4,"replicate_2",0.952033698644875
"D614G",30.4,"replicate_3",1.11326966151023
"D614G",30.4,"replicate_4",0.509683814473322
"D614G",31.4,"replicate_1",1.28102897784263
"D614G",31.4,"replicate_2",1.29841443592723
"D614G",31.4,"replicate_3",1.48858795039728
"D614G",31.4,"replicate_4",1.09239379928638
"D614G",33,"replicate_1",0.972211523545856
"D614G",33,"replicate_2",1.17537801630592
"D614G",33,"replicate_3",1.17714584096251
"D614G",33,"replicate_4",1.04928732991911
"D614G",35.2,"replicate_1",1.3134858643949
"D614G",35.2,"replicate_2",1.2061212418954
"D614G",35.2,"replicate_3",0.917032423633372
"D614G",35.2,"replicate_4",0.616293408132782
"D614G",38.2,"replicate_1",0.895258618726803
"D614G",38.2,"replicate_2",0.905379616096309
"D614G",38.2,"replicate_3",0.742922033534699
"D614G",38.2,"replicate_4",0.237246742893578
"D614G",41.8,"replicate_1",0.577133492566984
"D614G",41.8,"replicate_2",0.603525568088065
"D614G",41.8,"replicate_3",0.294762930059715
"D614G",41.8,"replicate_4",0.320902676726158
"D614G",44.8,"replicate_1",0.170477982915154
"D614G",44.8,"replicate_2",0.169608644753461
"D614G",44.8,"replicate_3",0.0670408590381013
"D614G",44.8,"replicate_4",0.0314751504817566
"D614G",47,"replicate_1",0.0376101567900087
"D614G",47,"replicate_2",0.0532891974901438
"D614G",47,"replicate_3",0.0125605599608036
"D614G",47,"replicate_4",0.000161985792860898
"D614G",48.6,"replicate_1",-0.000288992737524874
"D614G",48.6,"replicate_2",0.00626113312552064
"D614G",48.6,"replicate_3",0.0262669524070897
"D614G",48.6,"replicate_4",-0.000401793002108018
"D614G",49.6,"replicate_1",-0.000401793002108018
"D614G",49.6,"replicate_2",-0.000401793002108018
"D614G",49.6,"replicate_3",6.69415617388769e-05
"D614G",49.6,"replicate_4",-4.348624604599e-05
"20E: A222V_D614G",30.4,"replicate_1",0.739763853981631
"20E: A222V_D614G",30.4,"replicate_2",0.868501174482099
"20E: A222V_D614G",30.4,"replicate_3",1.16941649672319
"20E: A222V_D614G",30.4,"replicate_4",1.22231847481308
"20E: A222V_D614G",31.4,"replicate_1",0.898087688185709
"20E: A222V_D614G",31.4,"replicate_2",1.07029225132118
"20E: A222V_D614G",31.4,"replicate_3",0.737045951253924
"20E: A222V_D614G",31.4,"replicate_4",0.9594064282727
"20E: A222V_D614G",33,"replicate_1",0.9143317412245
"20E: A222V_D614G",33,"replicate_2",1.20200252794321
"20E: A222V_D614G",33,"replicate_3",0.95618865929506
"20E: A222V_D614G",33,"replicate_4",1.0676837943409
"20E: A222V_D614G",35.2,"replicate_1",0.661679113446349
"20E: A222V_D614G",35.2,"replicate_2",0.920954489010902
"20E: A222V_D614G",35.2,"replicate_3",0.943136133855872
"20E: A222V_D614G",35.2,"replicate_4",1.07834035395854
"20E: A222V_D614G",38.2,"replicate_1",0.661867283327886
"20E: A222V_D614G",38.2,"replicate_2",1.00937545234169
"20E: A222V_D614G",38.2,"replicate_3",0.844703124753382
"20E: A222V_D614G",38.2,"replicate_4",0.964035151345062
"20E: A222V_D614G",41.8,"replicate_1",0.432478917247154
"20E: A222V_D614G",41.8,"replicate_2",0.646732408536386
"20E: A222V_D614G",41.8,"replicate_3",0.550166377476218
"20E: A222V_D614G",41.8,"replicate_4",0.580656618638094
"20E: A222V_D614G",44.8,"replicate_1",0.03829565714167
"20E: A222V_D614G",44.8,"replicate_2",0.297329324013153
"20E: A222V_D614G",44.8,"replicate_3",0.0885360874632642
"20E: A222V_D614G",44.8,"replicate_4",0.249987605914281
"20E: A222V_D614G",47,"replicate_1",0.019386379341498
"20E: A222V_D614G",47,"replicate_2",0.0188664288368624
"20E: A222V_D614G",47,"replicate_3",0.0239145275322788
"20E: A222V_D614G",47,"replicate_4",0.0426188281682978
"20E: A222V_D614G",48.6,"replicate_1",1.54161444192119e-05
"20E: A222V_D614G",48.6,"replicate_2",0.000880307355241135
"20E: A222V_D614G",48.6,"replicate_3",0.0093184490350804
"20E: A222V_D614G",48.6,"replicate_4",0.0082745158140619
"20E: A222V_D614G",49.6,"replicate_1",0.00122827058815213
"20E: A222V_D614G",49.6,"replicate_2",0.00222460674966277
"20E: A222V_D614G",49.6,"replicate_3",-5.61168600587721e-05
"20E: A222V_D614G",49.6,"replicate_4",0.00162648221980316
"20E: A222V_D614G_D1163Y_G1167V",30.4,"replicate_1",1.25715837376355
"20E: A222V_D614G_D1163Y_G1167V",30.4,"replicate_2",1.08491684541378
"20E: A222V_D614G_D1163Y_G1167V",30.4,"replicate_3",1.22446664182249
"20E: A222V_D614G_D1163Y_G1167V",30.4,"replicate_4",0.433458139000178
"20E: A222V_D614G_D1163Y_G1167V",31.4,"replicate_1",1.2776821197575
"20E: A222V_D614G_D1163Y_G1167V",31.4,"replicate_2",1.34927453404461
"20E: A222V_D614G_D1163Y_G1167V",31.4,"replicate_3",1.19710506130136
"20E: A222V_D614G_D1163Y_G1167V",31.4,"replicate_4",0.872982384117787
"20E: A222V_D614G_D1163Y_G1167V",33,"replicate_1",1.26050047293404
"20E: A222V_D614G_D1163Y_G1167V",33,"replicate_2",1.34562106553675
"20E: A222V_D614G_D1163Y_G1167V",33,"replicate_3",1.26118159335953
"20E: A222V_D614G_D1163Y_G1167V",33,"replicate_4",0.658920778611779
"20E: A222V_D614G_D1163Y_G1167V",35.2,"replicate_1",1.05052999421831
"20E: A222V_D614G_D1163Y_G1167V",35.2,"replicate_2",1.24418328571827
"20E: A222V_D614G_D1163Y_G1167V",35.2,"replicate_3",1.18896234343272
"20E: A222V_D614G_D1163Y_G1167V",35.2,"replicate_4",0.596355412081085
"20E: A222V_D614G_D1163Y_G1167V",38.2,"replicate_1",1.02002450520689
"20E: A222V_D614G_D1163Y_G1167V",38.2,"replicate_2",1.16879298490827
"20E: A222V_D614G_D1163Y_G1167V",38.2,"replicate_3",0.820257927433878
"20E: A222V_D614G_D1163Y_G1167V",38.2,"replicate_4",0.469236831618506
"20E: A222V_D614G_D1163Y_G1167V",41.8,"replicate_1",0.616280386645348
"20E: A222V_D614G_D1163Y_G1167V",41.8,"replicate_2",0.510601018998229
"20E: A222V_D614G_D1163Y_G1167V",41.8,"replicate_3",0.466023684420302
"20E: A222V_D614G_D1163Y_G1167V",41.8,"replicate_4",0.184497459253903
"20E: A222V_D614G_D1163Y_G1167V",44.8,"replicate_1",0.288231895207844
"20E: A222V_D614G_D1163Y_G1167V",44.8,"replicate_2",0.305292579140703
"20E: A222V_D614G_D1163Y_G1167V",44.8,"replicate_3",0.149183157614398
"20E: A222V_D614G_D1163Y_G1167V",44.8,"replicate_4",0.0523284476544067
"20E: A222V_D614G_D1163Y_G1167V",47,"replicate_1",0.0412090081932958
"20E: A222V_D614G_D1163Y_G1167V",47,"replicate_2",0.0236719394166777
"20E: A222V_D614G_D1163Y_G1167V",47,"replicate_3",0.032189345216229
"20E: A222V_D614G_D1163Y_G1167V",47,"replicate_4",0.0180767655755533
"20E: A222V_D614G_D1163Y_G1167V",48.6,"replicate_1",0.00613749577036115
"20E: A222V_D614G_D1163Y_G1167V",48.6,"replicate_2",0.00952374485955809
"20E: A222V_D614G_D1163Y_G1167V",48.6,"replicate_3",0.00578177883572661
"20E: A222V_D614G_D1163Y_G1167V",48.6,"replicate_4",-0.000157155972022182
"20E: A222V_D614G_D1163Y_G1167V",49.6,"replicate_1",-0.000115405379391752
"20E: A222V_D614G_D1163Y_G1167V",49.6,"replicate_2",0.000108532820525889
"20E: A222V_D614G_D1163Y_G1167V",49.6,"replicate_3",0.00560313375113599
"20E: A222V_D614G_D1163Y_G1167V",49.6,"replicate_4",-8.07761312641041e-05
"Wuhan",30.4,"replicate_1",0.543145911054231
"Wuhan",30.4,"replicate_2",1.12097930247268
"Wuhan",30.4,"replicate_3",1.14570886280354
"Wuhan",30.4,"replicate_4",1.19016592366956
"Wuhan",31.4,"replicate_1",0.763089397751204
"Wuhan",31.4,"replicate_2",0.883856981786748
"Wuhan",31.4,"replicate_3",1.23514148298811
"Wuhan",31.4,"replicate_4",1.07057676445509
"Wuhan",33,"replicate_1",0.506425677036356
"Wuhan",33,"replicate_2",1.38229278350384
"Wuhan",33,"replicate_3",1.11321474050927
"Wuhan",33,"replicate_4",0.995627379117896
"Wuhan",35.2,"replicate_1",0.399721490187358
"Wuhan",35.2,"replicate_2",0.882792249766407
"Wuhan",35.2,"replicate_3",0.856905859895054
"Wuhan",35.2,"replicate_4",0.876726516542552
"Wuhan",38.2,"replicate_1",0.451245712484871
"Wuhan",38.2,"replicate_2",0.877279525100343
"Wuhan",38.2,"replicate_3",0.776619052757739
"Wuhan",38.2,"replicate_4",0.991798662900787
"Wuhan",41.8,"replicate_1",0.295572533156117
"Wuhan",41.8,"replicate_2",0.420876184707231
"Wuhan",41.8,"replicate_3",0.376376991872222
"Wuhan",41.8,"replicate_4",0.558931637726853
"Wuhan",44.8,"replicate_1",0.104119234357731
"Wuhan",44.8,"replicate_2",0.113663565019209
"Wuhan",44.8,"replicate_3",0.197064369273561
"Wuhan",44.8,"replicate_4",0.169736155673489
"Wuhan",47,"replicate_1",0.000603688924839861
"Wuhan",47,"replicate_2",0.0109471139882673
"Wuhan",47,"replicate_3",0.0115178158558494
"Wuhan",47,"replicate_4",0.0501722544685768
"Wuhan",48.6,"replicate_1",0.000346155041348396
"Wuhan",48.6,"replicate_2",-0.000140049468677874
"Wuhan",48.6,"replicate_3",0.0268106281318759
"Wuhan",48.6,"replicate_4",0.000710844283678388
"Wuhan",49.6,"replicate_1",0.0347081704456474
"Wuhan",49.6,"replicate_2",-0.00025211171987461
"Wuhan",49.6,"replicate_3",-0.00025211171987461
"Wuhan",49.6,"replicate_4",0.00247400240004416
